/*

  *** IMPORTANT *** Use this script only to populate an *EMPTY* (after running
    lmkp_populate) database!

  This script will populate the following tables:
  - Categories
  - A_Keys
  - A_Values
  - SH_Keys
  - SH_Values
  - Profiles ('Myanmar')
  - Languages (add Code, Spanish to existing languages)
  - Stakeholder Roles
  - Institution Types

  It also links user 1 (admin) with the Myanmar profile.

  Last update: 2017-02-14 11:00
*/

INSERT INTO data.categories(id, name, type, fk_language, description, fk_category) VALUES
  (1, 'Spatial Data', 'activities', 1, NULL, NULL),
  (2, 'General Information', 'activities', 1, NULL, NULL),
  (3, 'Employment', 'activities', 1, NULL, NULL),
  (4, 'Investor Info', 'activities', 1, NULL, NULL),
  (5, 'Data Sources', 'activities', 1, NULL, NULL),
  (6, 'Local Communities', 'activities', 1, NULL, NULL),
  (7, 'Former Use', 'activities', 1, NULL, NULL),
  (8, 'Produce Info', 'activities', 1, NULL, NULL),
  (9, 'Water', 'activities', 1, NULL, NULL),
  (10, 'Overall Comment', 'activities', 1, NULL, NULL),
  (11, 'Location', 'activities', 1, NULL, NULL),
  (12, 'Land Area', 'activities', 1, NULL, NULL),
  (13, 'Intention of Investment', 'activities', 1, NULL, NULL),
  (14, 'Nature of the Deal', 'activities', 1, NULL, NULL),
  (15, 'Negotiation Status', 'activities', 1, NULL, NULL),
  (16, 'Duration of the Agreement', 'activities', 1, NULL, NULL),
  (17, 'Implementation Status', 'activities', 1, NULL, NULL),
  (18, 'Purchase Price', 'activities', 1, NULL, NULL),
  (19, 'Leasing Fees', 'activities', 1, NULL, NULL),
  (20, 'Contract Farming', 'activities', 1, NULL, NULL),
  (21, 'Number of Jobs Created', 'activities', 1, NULL, NULL),
  (22, 'Primary Investor', 'activities', 1, NULL, NULL),
  (23, 'Secondary Investors', 'activities', 1, NULL, NULL),
  (24, 'Data Source', 'activities', 1, NULL, NULL),
  (25, 'How did Community React?', 'activities', 1, NULL, NULL),
  (26, 'Consultation of Local Community', 'activities', 1, NULL, NULL),
  (27, 'Promised or Received Compensation', 'activities', 1, NULL, NULL),
  (28, 'Benefits for Local Communities', 'activities', 1, NULL, NULL),
  (29, 'Number of People Actually Displaced', 'activities', 1, NULL, NULL),
  (30, 'Former Land Owner', 'activities', 1, NULL, NULL),
  (31, 'Former Land Use', 'activities', 1, NULL, NULL),
  (32, 'Former Land Cover', 'activities', 1, NULL, NULL),
  (33, 'Detailed Crop, Animal and Mineral Information', 'activities', 1, NULL, NULL),
  (34, 'Use of Produce', 'activities', 1, NULL, NULL),
  (35, 'Water Extraction Envisaged', 'activities', 1, NULL, NULL),
  (36, 'Source of Water Extraction', 'activities', 1, NULL, NULL),
  (37, 'How Much do Investors Pay for Water and the Use of Water Infrastruture?', 'activities', 1, NULL, NULL),
  (38, 'How Much Water Is Extracted?', 'activities', 1, NULL, NULL),
  (39, 'Overall Comment', 'activities', 1, NULL, NULL),
  (40, 'Stakeholder Information', 'stakeholders', 1, NULL, NULL),
  (41, 'Amount of Investment', 'activities', 1, NULL, NULL);
;
SELECT setval('data.categories_id_seq', 41, true);

INSERT INTO data.a_keys(id, fk_a_key, fk_language, key, type, helptext, description, validator) VALUES
  (1, NULL, NULL, 'Data source', 'Dropdown', NULL, NULL, NULL),
  (2, NULL, NULL, 'Negotiation Status', 'Dropdown', NULL, NULL, NULL),
  (3, NULL, NULL, 'Spatial Accuracy', 'Dropdown', NULL, NULL, NULL),
  (4, NULL, NULL, 'Country', 'Dropdown', NULL, NULL, NULL),
  (5, NULL, NULL, 'Intended area (ha)', 'Number', 'ha', NULL, '[0]'),
  (6, NULL, NULL, 'Intention of Investment', 'Checkbox', NULL, NULL, NULL),
  (7, NULL, NULL, 'Duration of Agreement (years)', 'Integer', 'years', NULL, '[0]'),
  (8, NULL, NULL, 'Contract farming', 'Dropdown', NULL, NULL, NULL),
  (9, NULL, NULL, 'Scope of forestry', 'Checkbox', NULL, NULL, NULL),
  (10, NULL, NULL, 'URL / Web', 'String', NULL, NULL, NULL),
  (11, NULL, NULL, 'Water extraction', 'Dropdown', NULL, NULL, NULL),
  (12, NULL, NULL, 'Percentage', 'Integer', NULL, NULL, '[0,100]'),
  (13, NULL, NULL, 'Mineral', 'Checkbox', NULL, NULL, NULL),
  (14, NULL, NULL, 'Announced amount of investement', 'Number', NULL, NULL, NULL),
  (15, NULL, NULL, 'Current area in operation (ha)', 'Number', 'ha', NULL, '[0]'),
  (16, NULL, NULL, 'How much do investors pay for water', 'String', NULL, NULL, NULL),
  (17, NULL, NULL, 'Original reference number', 'String', NULL, NULL, NULL),
  (18, NULL, NULL, 'Number of farmers', 'Integer', NULL, NULL, '[0]'),
  (19, NULL, NULL, 'Current number of employees', 'Integer', NULL, NULL, '[0]'),
  (20, NULL, NULL, 'Date', 'String', NULL, NULL, NULL),
  (21, NULL, NULL, 'Number of people actually displaced', 'Integer', NULL, NULL, NULL),
  (22, NULL, NULL, 'Leasing fee (per year)', 'String', 'per year', NULL, NULL),
  (23, NULL, NULL, 'Current total number of jobs', 'Integer', NULL, NULL, '[0]'),
  (24, NULL, NULL, 'How much water is extracted (m3/year)', 'Number', 'm3/year', NULL, '[0]'),
  (25, NULL, NULL, 'Remark', 'Text', NULL, NULL, NULL),
  (26, NULL, NULL, 'Animals', 'Checkbox', NULL, NULL, NULL),
  (27, NULL, NULL, 'Name', 'String', NULL, NULL, NULL),
  (28, NULL, NULL, 'Use of produce', 'Dropdown', NULL, NULL, NULL),
  (29, NULL, NULL, 'How did community react', 'Text', NULL, NULL, NULL),
  (30, NULL, NULL, 'Purchase price', 'Number', NULL, NULL, NULL),
  (31, NULL, NULL, 'Annual leasing fee area (ha)', 'Number', 'ha', NULL, '[0]'),
  (32, NULL, NULL, 'Area (ha)', 'Number', 'ha', NULL, '[0]'),
  (33, NULL, NULL, 'Former predominant land use', 'Checkbox', NULL, NULL, NULL),
  (34, NULL, NULL, 'Contract area (ha)', 'Number', 'ha', NULL, '[0]'),
  (35, NULL, NULL, 'Former predominant land cover', 'Checkbox', NULL, NULL, NULL),
  (36, NULL, NULL, 'Benefits for local communities', 'Checkbox', NULL, NULL, NULL),
  (37, NULL, NULL, 'Current Number of daily/seasonal workers', 'Integer', NULL, NULL, '[0]'),
  (38, NULL, NULL, 'Purchase price area (ha)', 'Number', 'ha', NULL, '[0]'),
  (39, NULL, NULL, 'Nature of the deal', 'Checkbox', NULL, NULL, NULL),
  (40, NULL, NULL, 'Planned number of employees', 'Integer', NULL, NULL, '[0]'),
  (41, NULL, NULL, 'Consultation of local community', 'String', NULL, NULL, NULL),
  (42, NULL, NULL, 'Promised or received compensation', 'String', NULL, NULL, NULL),
  (43, NULL, NULL, 'Implementation status', 'Dropdown', NULL, NULL, NULL),
  (44, NULL, NULL, 'Crop', 'Checkbox', NULL, NULL, NULL),
  (45, NULL, NULL, 'Planned Number of daily/seasonal workers', 'Integer', NULL, NULL, '[0]'),
  (46, NULL, NULL, 'Scope of agriculture', 'Checkbox', NULL, NULL, NULL),
  (47, NULL, NULL, 'Planned total number of jobs', 'Integer', NULL, NULL, '[0]'),
  (48, NULL, NULL, 'Year', 'Integer', NULL, NULL, '[1900,2100]'),
  (49, NULL, NULL, 'Former predominant land owner', 'Checkbox', NULL, NULL, NULL),
  (50, NULL, NULL, 'Files', 'File', NULL, NULL, NULL),
  (51, NULL, NULL, 'Contract date', 'Date', NULL, NULL, NULL),
  (52, NULL, NULL, 'Announced amount of investment', 'Text', NULL, NULL, NULL),
  (53, NULL, NULL, 'Remark (Intention of Investment)', 'Text', NULL, NULL, NULL),
  (54, NULL, NULL, 'Remark (Negotiation Status)', 'Text', NULL, NULL, NULL),
  (55, NULL, NULL, 'Remark (Number of Jobs Created)', 'Text', NULL, NULL, NULL),
  (56, NULL, NULL, 'Contract Number', 'String', NULL, NULL, NULL),
  (57, NULL, NULL, 'Remark (Nature of the deal)', 'Text', NULL, NULL, NULL),
  (58, 2, 1, 'Negotiation Status', NULL, NULL, NULL, NULL),
  (59, 3, 1, 'Spatial Accuracy', NULL, NULL, NULL, NULL),
  (60, 4, 1, 'Country', NULL, NULL, NULL, NULL),
  (61, 5, 1, 'Intended area (ha)', NULL, NULL, NULL, NULL),
  (62, 6, 1, 'Intention of Investment', NULL, NULL, NULL, NULL),
  (63, 7, 1, 'Duration of Agreement (years)', NULL, NULL, NULL, NULL),
  (64, 8, 1, 'Contract farming', NULL, NULL, NULL, NULL),
  (65, 9, 1, 'Scope of forestry', NULL, NULL, NULL, NULL),
  (66, 10, 1, 'URL / Web', NULL, NULL, NULL, NULL),
  (67, 11, 1, 'Water extraction', NULL, NULL, NULL, NULL),
  (68, 12, 1, 'Percentage', NULL, NULL, NULL, NULL),
  (69, 13, 1, 'Mineral', NULL, NULL, NULL, NULL),
  (70, 14, 1, 'Announced amount of investement', NULL, NULL, NULL, NULL),
  (71, 15, 1, 'Current area in operation (ha)', NULL, NULL, NULL, NULL),
  (72, 16, 1, 'How much do investors pay for water', NULL, NULL, NULL, NULL),
  (73, 17, 1, 'Original reference number', NULL, NULL, NULL, NULL),
  (74, 18, 1, 'Number of farmers', NULL, NULL, NULL, NULL),
  (75, 19, 1, 'Current number of employees', NULL, NULL, NULL, NULL),
  (76, 20, 1, 'Date', NULL, NULL, NULL, NULL),
  (77, 21, 1, 'Number of people actually displaced', NULL, NULL, NULL, NULL),
  (78, 22, 1, 'Leasing fee (per year)', NULL, NULL, NULL, NULL),
  (79, 23, 1, 'Current total number of jobs', NULL, NULL, NULL, NULL),
  (80, 24, 1, 'How much water is extracted (m3/year)', NULL, NULL, NULL, NULL),
  (81, 25, 1, 'Remark', NULL, NULL, NULL, NULL),
  (82, 26, 1, 'Animals', NULL, NULL, NULL, NULL),
  (83, 27, 1, 'Name', NULL, NULL, NULL, NULL),
  (84, 28, 1, 'Use of produce', NULL, NULL, NULL, NULL),
  (85, 29, 1, 'How did community react', NULL, NULL, NULL, NULL),
  (86, 30, 1, 'Purchase price', NULL, NULL, NULL, NULL),
  (87, 31, 1, 'Annual leasing fee area (ha)', NULL, NULL, NULL, NULL),
  (88, 32, 1, 'Area (ha)', NULL, NULL, NULL, NULL),
  (89, 33, 1, 'Former predominant land use', NULL, NULL, NULL, NULL),
  (90, 34, 1, 'Contract area (ha)', NULL, NULL, NULL, NULL),
  (91, 35, 1, 'Former predominant land cover', NULL, NULL, NULL, NULL),
  (92, 36, 1, 'Benefits for local communities', NULL, NULL, NULL, NULL),
  (93, 37, 1, 'Current Number of daily/seasonal workers', NULL, NULL, NULL, NULL),
  (94, 38, 1, 'Purchase price area (ha)', NULL, NULL, NULL, NULL),
  (95, 39, 1, 'Nature of the deal', NULL, NULL, NULL, NULL),
  (96, 40, 1, 'Planned number of employees', NULL, NULL, NULL, NULL),
  (97, 41, 1, 'Consultation of local community', NULL, NULL, NULL, NULL),
  (98, 42, 1, 'Promised or received compensation', NULL, NULL, NULL, NULL),
  (99, 43, 1, 'Implementation status', NULL, NULL, NULL, NULL),
  (100, 44, 1, 'Crop', NULL, NULL, NULL, NULL),
  (101, 45, 1, 'Planned Number of daily/seasonal workers', NULL, NULL, NULL, NULL),
  (102, 46, 1, 'Scope of agriculture', NULL, NULL, NULL, NULL),
  (103, 47, 1, 'Planned total number of jobs', NULL, NULL, NULL, NULL),
  (104, 48, 1, 'Year', NULL, NULL, NULL, NULL),
  (105, 49, 1, 'Former predominant land owner', NULL, NULL, NULL, NULL),
  (106, 50, 1, 'Files', NULL, NULL, NULL, NULL),
  (107, 51, 1, 'Contract date', NULL, NULL, NULL, NULL),
  (108, 52, 1, 'Announced amount of investment', NULL, NULL, NULL, NULL),
  (109, 53, 1, 'Remark', NULL, NULL, NULL, NULL),
  (110, 54, 1, 'Remark', NULL, NULL, NULL, NULL),
  (111, 55, 1, 'Remark', NULL, NULL, NULL, NULL),
  (112, 56, 1, 'Contract Number', NULL, NULL, NULL, NULL),
  (113, 57, 1, 'Remark', NULL, NULL, NULL, NULL),
  (219, NULL, NULL, 'Remark (Benefits for local communities)', 'Text', NULL, NULL, NULL),
  (220, 219, 1, 'Remark', NULL, NULL, NULL, NULL)
;
SELECT setval('data.a_keys_id_seq', 220, true);

INSERT INTO data.a_values (id, fk_a_value, fk_language, value, fk_a_key, "order") VALUES
  (1, NULL, 1, 'Media report', 1, NULL),
  (2, NULL, 1, 'Research paper', 1, NULL),
  (3, NULL, 1, 'Government sources', 1, NULL),
  (4, NULL, 1, 'Company sources', 1, NULL),
  (5, NULL, 1, 'Contract', 1, NULL),
  (6, NULL, 1, 'Personal information', 1, NULL),
  (7, NULL, 1, 'Other', 1, NULL),
  (8, NULL, 1, 'Under negotiation', 2, NULL),
  (9, NULL, 1, 'Oral agreement', 2, NULL),
  (10, NULL, 1, 'Contract signed', 2, NULL),
  (11, NULL, 1, 'Negotiations failed', 2, NULL),
  (12, NULL, 1, 'Contract cancelled', 2, NULL),
  (13, NULL, 1, 'better than 100m', 3, 1),
  (14, NULL, 1, '100m to 1km', 3, 2),
  (15, NULL, 1, '1km to 10km', 3, 3),
  (16, NULL, 1, '10km to 100km', 3, 4),
  (17, NULL, 1, 'worse than 100km', 3, 5),
  (18, NULL, 1, 'Afghanistan', 4, NULL),
  (19, NULL, 1, 'Åland Islands', 4, NULL),
  (20, NULL, 1, 'Albania', 4, NULL),
  (21, NULL, 1, 'Algeria', 4, NULL),
  (22, NULL, 1, 'American Samoa', 4, NULL),
  (23, NULL, 1, 'Andorra', 4, NULL),
  (24, NULL, 1, 'Angola', 4, NULL),
  (25, NULL, 1, 'Anguilla', 4, NULL),
  (26, NULL, 1, 'Antarctica', 4, NULL),
  (27, NULL, 1, 'Antigua and Barbuda', 4, NULL),
  (28, NULL, 1, 'Argentina', 4, NULL),
  (29, NULL, 1, 'Armenia', 4, NULL),
  (30, NULL, 1, 'Aruba', 4, NULL),
  (31, NULL, 1, 'Australia', 4, NULL),
  (32, NULL, 1, 'Austria', 4, NULL),
  (33, NULL, 1, 'Azerbaijan', 4, NULL),
  (34, NULL, 1, 'Bahamas', 4, NULL),
  (35, NULL, 1, 'Bahrain', 4, NULL),
  (36, NULL, 1, 'Bangladesh', 4, NULL),
  (37, NULL, 1, 'Barbados', 4, NULL),
  (38, NULL, 1, 'Belarus', 4, NULL),
  (39, NULL, 1, 'Belgium', 4, NULL),
  (40, NULL, 1, 'Belize', 4, NULL),
  (41, NULL, 1, 'Benin', 4, NULL),
  (42, NULL, 1, 'Bermuda', 4, NULL),
  (43, NULL, 1, 'Bhutan', 4, NULL),
  (44, NULL, 1, 'Bolivia, Plurinational State of', 4, NULL),
  (45, NULL, 1, 'Bonaire, Sint Eustatius and Saba', 4, NULL),
  (46, NULL, 1, 'Bosnia and Herzegovina', 4, NULL),
  (47, NULL, 1, 'Botswana', 4, NULL),
  (48, NULL, 1, 'Bouvet Island', 4, NULL),
  (49, NULL, 1, 'Brazil', 4, NULL),
  (50, NULL, 1, 'British Indian Ocean Territory', 4, NULL),
  (51, NULL, 1, 'Virgin Islands, British', 4, NULL),
  (52, NULL, 1, 'Brunei Darussalam', 4, NULL),
  (53, NULL, 1, 'Bulgaria', 4, NULL),
  (54, NULL, 1, 'Burkina Faso', 4, NULL),
  (55, NULL, 1, 'Burundi', 4, NULL),
  (56, NULL, 1, 'Cambodia', 4, NULL),
  (57, NULL, 1, 'Cameroon', 4, NULL),
  (58, NULL, 1, 'Canada', 4, NULL),
  (59, NULL, 1, 'Cape Verde', 4, NULL),
  (61, NULL, 1, 'Cayman Islands', 4, NULL),
  (62, NULL, 1, 'Central African Republic', 4, NULL),
  (63, NULL, 1, 'Chad', 4, NULL),
  (64, NULL, 1, 'Chile', 4, NULL),
  (65, NULL, 1, 'China', 4, NULL),
  (66, NULL, 1, 'Christmas Island', 4, NULL),
  (68, NULL, 1, 'Cocos (Keeling) Islands', 4, NULL),
  (69, NULL, 1, 'Colombia', 4, NULL),
  (70, NULL, 1, 'Comoros', 4, NULL),
  (71, NULL, 1, 'Cook Islands', 4, NULL),
  (72, NULL, 1, 'Costa Rica', 4, NULL),
  (73, NULL, 1, 'Côte d''Ivoire', 4, NULL),
  (74, NULL, 1, 'Croatia', 4, NULL),
  (75, NULL, 1, 'Cuba', 4, NULL),
  (76, NULL, 1, 'Curaçao', 4, NULL),
  (77, NULL, 1, 'Cyprus', 4, NULL),
  (78, NULL, 1, 'Czech Republic', 4, NULL),
  (79, NULL, 1, 'Congo, the Democratic Republic of the', 4, NULL),
  (80, NULL, 1, 'Denmark', 4, NULL),
  (81, NULL, 1, 'Djibouti', 4, NULL),
  (82, NULL, 1, 'Dominica', 4, NULL),
  (83, NULL, 1, 'Dominican Republic', 4, NULL),
  (84, NULL, 1, 'Timor-Leste', 4, NULL),
  (85, NULL, 1, 'Ecuador', 4, NULL),
  (86, NULL, 1, 'Egypt', 4, NULL),
  (87, NULL, 1, 'El Salvador', 4, NULL),
  (88, NULL, 1, 'Equatorial Guinea', 4, NULL),
  (89, NULL, 1, 'Eritrea', 4, NULL),
  (90, NULL, 1, 'Estonia', 4, NULL),
  (91, NULL, 1, 'Ethiopia', 4, NULL),
  (92, NULL, 1, 'Falkland Islands (Malvinas)', 4, NULL),
  (93, NULL, 1, 'Faroe Islands', 4, NULL),
  (94, NULL, 1, 'Fiji', 4, NULL),
  (95, NULL, 1, 'Finland', 4, NULL),
  (96, NULL, 1, 'France', 4, NULL),
  (97, NULL, 1, 'French Guiana', 4, NULL),
  (98, NULL, 1, 'French Polynesia', 4, NULL),
  (99, NULL, 1, 'French Southern Territories', 4, NULL),
  (100, NULL, 1, 'Gabon', 4, NULL),
  (101, NULL, 1, 'Gambia', 4, NULL),
  (102, NULL, 1, 'Georgia', 4, NULL),
  (103, NULL, 1, 'Germany', 4, NULL),
  (104, NULL, 1, 'Ghana', 4, NULL),
  (105, NULL, 1, 'Gibraltar', 4, NULL),
  (106, NULL, 1, 'Greece', 4, NULL),
  (107, NULL, 1, 'Greenland', 4, NULL),
  (108, NULL, 1, 'Grenada', 4, NULL),
  (109, NULL, 1, 'Guadeloupe', 4, NULL),
  (110, NULL, 1, 'Guam', 4, NULL),
  (111, NULL, 1, 'Guatemala', 4, NULL),
  (112, NULL, 1, 'Guernsey', 4, NULL),
  (113, NULL, 1, 'Guinea', 4, NULL),
  (114, NULL, 1, 'Guinea-Bissau', 4, NULL),
  (115, NULL, 1, 'Guyana', 4, NULL),
  (116, NULL, 1, 'Haiti', 4, NULL),
  (117, NULL, 1, 'Heard Island and McDonald Islands', 4, NULL),
  (118, NULL, 1, 'Honduras', 4, NULL),
  (119, NULL, 1, 'Hong Kong', 4, NULL),
  (120, NULL, 1, 'Hungary', 4, NULL),
  (121, NULL, 1, 'Iceland', 4, NULL),
  (122, NULL, 1, 'India', 4, NULL),
  (123, NULL, 1, 'Indonesia', 4, NULL),
  (124, NULL, 1, 'Iran, Islamic Republic of', 4, NULL),
  (125, NULL, 1, 'Iraq', 4, NULL),
  (126, NULL, 1, 'Ireland', 4, NULL),
  (127, NULL, 1, 'Isle of Man', 4, NULL),
  (128, NULL, 1, 'Israel', 4, NULL),
  (129, NULL, 1, 'Italy', 4, NULL),
  (130, NULL, 1, 'Jamaica', 4, NULL),
  (131, NULL, 1, 'Japan', 4, NULL),
  (132, NULL, 1, 'Jersey', 4, NULL),
  (133, NULL, 1, 'Jordan', 4, NULL),
  (134, NULL, 1, 'Kazakhstan', 4, NULL),
  (135, NULL, 1, 'Kenya', 4, NULL),
  (136, NULL, 1, 'Kiribati', 4, NULL),
  (138, NULL, 1, 'Kuwait', 4, NULL),
  (139, NULL, 1, 'Kyrgyzstan', 4, NULL),
  (140, NULL, 1, 'Lao People''s Democratic Republic', 4, NULL),
  (141, NULL, 1, 'Latvia', 4, NULL),
  (142, NULL, 1, 'Lebanon', 4, NULL),
  (143, NULL, 1, 'Lesotho', 4, NULL),
  (144, NULL, 1, 'Liberia', 4, NULL),
  (145, NULL, 1, 'Libya', 4, NULL),
  (146, NULL, 1, 'Liechtenstein', 4, NULL),
  (147, NULL, 1, 'Lithuania', 4, NULL),
  (148, NULL, 1, 'Luxembourg', 4, NULL),
  (149, NULL, 1, 'Macao', 4, NULL),
  (150, NULL, 1, 'Macedonia, The Former Yugoslav Republic of', 4, NULL),
  (151, NULL, 1, 'Madagascar', 4, NULL),
  (152, NULL, 1, 'Malawi', 4, NULL),
  (153, NULL, 1, 'Malaysia', 4, NULL),
  (154, NULL, 1, 'Maldives', 4, NULL),
  (155, NULL, 1, 'Mali', 4, NULL),
  (156, NULL, 1, 'Malta', 4, NULL),
  (157, NULL, 1, 'Marshall Islands', 4, NULL),
  (158, NULL, 1, 'Martinique', 4, NULL),
  (159, NULL, 1, 'Mauritania', 4, NULL),
  (160, NULL, 1, 'Mauritius', 4, NULL),
  (161, NULL, 1, 'Mayotte', 4, NULL),
  (162, NULL, 1, 'Mexico', 4, NULL),
  (163, NULL, 1, 'Micronesia, Federated States of', 4, NULL),
  (164, NULL, 1, 'Moldova, Republic of', 4, NULL),
  (165, NULL, 1, 'Monaco', 4, NULL),
  (166, NULL, 1, 'Mongolia', 4, NULL),
  (167, NULL, 1, 'Montenegro', 4, NULL),
  (168, NULL, 1, 'Montserrat', 4, NULL),
  (169, NULL, 1, 'Morocco', 4, NULL),
  (170, NULL, 1, 'Mozambique', 4, NULL),
  (171, NULL, 1, 'Myanmar', 4, NULL),
  (172, NULL, 1, 'Namibia', 4, NULL),
  (173, NULL, 1, 'Nauru', 4, NULL),
  (174, NULL, 1, 'Nepal', 4, NULL),
  (175, NULL, 1, 'Netherlands', 4, NULL),
  (176, NULL, 1, 'New Caledonia', 4, NULL),
  (177, NULL, 1, 'New Zealand', 4, NULL),
  (178, NULL, 1, 'Nicaragua', 4, NULL),
  (179, NULL, 1, 'Niger', 4, NULL),
  (180, NULL, 1, 'Nigeria', 4, NULL),
  (181, NULL, 1, 'Niue', 4, NULL),
  (182, NULL, 1, 'Norfolk Island', 4, NULL),
  (183, NULL, 1, 'Korea, Democratic People''s Republic of', 4, NULL),
  (184, NULL, 1, 'Northern Mariana Islands', 4, NULL),
  (185, NULL, 1, 'Norway', 4, NULL),
  (186, NULL, 1, 'Oman', 4, NULL),
  (187, NULL, 1, 'Pakistan', 4, NULL),
  (188, NULL, 1, 'Palau', 4, NULL),
  (189, NULL, 1, 'Palestine, State of', 4, NULL),
  (190, NULL, 1, 'Panama', 4, NULL),
  (191, NULL, 1, 'Papua New Guinea', 4, NULL),
  (192, NULL, 1, 'Paraguay', 4, NULL),
  (193, NULL, 1, 'Peru', 4, NULL),
  (194, NULL, 1, 'Philippines', 4, NULL),
  (195, NULL, 1, 'Pitcairn', 4, NULL),
  (196, NULL, 1, 'Poland', 4, NULL),
  (197, NULL, 1, 'Portugal', 4, NULL),
  (198, NULL, 1, 'Puerto Rico', 4, NULL),
  (199, NULL, 1, 'Qatar', 4, NULL),
  (200, NULL, 1, 'Congo', 4, NULL),
  (201, NULL, 1, 'Réunion', 4, NULL),
  (202, NULL, 1, 'Romania', 4, NULL),
  (203, NULL, 1, 'Russian Federation', 4, NULL),
  (204, NULL, 1, 'Rwanda', 4, NULL),
  (205, NULL, 1, 'Saint Helena, Ascension and Tristan da Cunha', 4, NULL),
  (206, NULL, 1, 'Saint Kitts and Nevis', 4, NULL),
  (207, NULL, 1, 'Saint Lucia', 4, NULL),
  (208, NULL, 1, 'Saint Pierre and Miquelon', 4, NULL),
  (209, NULL, 1, 'Saint Vincent and the Grenadines', 4, NULL),
  (210, NULL, 1, 'Saint Barthélemy', 4, NULL),
  (211, NULL, 1, 'Saint Martin (French part)', 4, NULL),
  (212, NULL, 1, 'Samoa', 4, NULL),
  (213, NULL, 1, 'San Marino', 4, NULL),
  (214, NULL, 1, 'Sao Tome and Principe', 4, NULL),
  (215, NULL, 1, 'Saudi Arabia', 4, NULL),
  (216, NULL, 1, 'Senegal', 4, NULL),
  (217, NULL, 1, 'Serbia', 4, NULL),
  (218, NULL, 1, 'Seychelles', 4, NULL),
  (219, NULL, 1, 'Sierra Leone', 4, NULL),
  (220, NULL, 1, 'Singapore', 4, NULL),
  (221, NULL, 1, 'Sint Maarten (Dutch part)', 4, NULL),
  (222, NULL, 1, 'Slovakia', 4, NULL),
  (223, NULL, 1, 'Slovenia', 4, NULL),
  (224, NULL, 1, 'Solomon Islands', 4, NULL),
  (225, NULL, 1, 'Somalia', 4, NULL),
  (226, NULL, 1, 'South Africa', 4, NULL),
  (227, NULL, 1, 'South Georgia and the South Sandwich Islands', 4, NULL),
  (228, NULL, 1, 'Korea, Republic of', 4, NULL),
  (229, NULL, 1, 'South Sudan', 4, NULL),
  (230, NULL, 1, 'Spain', 4, NULL),
  (232, NULL, 1, 'Sri Lanka', 4, NULL),
  (233, NULL, 1, 'Sudan', 4, NULL),
  (234, NULL, 1, 'Suriname', 4, NULL),
  (235, NULL, 1, 'Svalbard and Jan Mayen', 4, NULL),
  (236, NULL, 1, 'Swaziland', 4, NULL),
  (237, NULL, 1, 'Sweden', 4, NULL),
  (238, NULL, 1, 'Switzerland', 4, NULL),
  (239, NULL, 1, 'Syrian Arab Republic', 4, NULL),
  (240, NULL, 1, 'Taiwan, Province of China', 4, NULL),
  (241, NULL, 1, 'Tajikistan', 4, NULL),
  (242, NULL, 1, 'Tanzania, United Republic of', 4, NULL),
  (243, NULL, 1, 'Thailand', 4, NULL),
  (244, NULL, 1, 'Togo', 4, NULL),
  (245, NULL, 1, 'Tokelau', 4, NULL),
  (246, NULL, 1, 'Tonga', 4, NULL),
  (247, NULL, 1, 'Trinidad and Tobago', 4, NULL),
  (248, NULL, 1, 'Tunisia', 4, NULL),
  (249, NULL, 1, 'Turkey', 4, NULL),
  (250, NULL, 1, 'Turkmenistan', 4, NULL),
  (251, NULL, 1, 'Turks and Caicos Islands', 4, NULL),
  (252, NULL, 1, 'Tuvalu', 4, NULL),
  (253, NULL, 1, 'Uganda', 4, NULL),
  (254, NULL, 1, 'Ukraine', 4, NULL),
  (255, NULL, 1, 'United Arab Emirates', 4, NULL),
  (256, NULL, 1, 'United Kingdom', 4, NULL),
  (257, NULL, 1, 'United States', 4, NULL),
  (258, NULL, 1, 'United States Minor Outlying Islands', 4, NULL),
  (259, NULL, 1, 'Uruguay', 4, NULL),
  (260, NULL, 1, 'Uzbekistan', 4, NULL),
  (261, NULL, 1, 'Vanuatu', 4, NULL),
  (262, NULL, 1, 'Holy See (Vatican City State)', 4, NULL),
  (263, NULL, 1, 'Venezuela, Bolivarian Republic of', 4, NULL),
  (264, NULL, 1, 'Viet Nam', 4, NULL),
  (265, NULL, 1, 'Virgin Islands, U.S.', 4, NULL),
  (266, NULL, 1, 'Wallis and Futuna', 4, NULL),
  (267, NULL, 1, 'Western Sahara', 4, NULL),
  (268, NULL, 1, 'Yemen', 4, NULL),
  (269, NULL, 1, 'Zambia', 4, NULL),
  (270, NULL, 1, 'Zimbabwe', 4, NULL),
  (271, NULL, 1, 'Agriculture', 6, NULL),
  (272, NULL, 1, 'Forestry', 6, NULL),
  (273, NULL, 1, 'Mining', 6, NULL),
  (274, NULL, 1, 'Tourism', 6, NULL),
  (275, NULL, 1, 'Industry', 6, NULL),
  (276, NULL, 1, 'Conservation', 6, NULL),
  (277, NULL, 1, 'Renewable energy', 6, NULL),
  (278, NULL, 1, 'Other', 6, NULL),
  (279, NULL, 1, 'On the lease', 8, NULL),
  (280, NULL, 1, 'Off the lease', 8, NULL),
  (281, NULL, 1, 'wood and fibre', 9, NULL),
  (282, NULL, 1, 'carbon sequestration', 9, NULL),
  (283, NULL, 1, 'Ground water', 11, NULL),
  (284, NULL, 1, 'River', 11, NULL),
  (285, NULL, 1, 'Lake', 11, NULL),
  (286, NULL, 1, 'Anthracite', 13, NULL),
  (287, NULL, 1, 'Asphaltite', 13, NULL),
  (288, NULL, 1, 'Barite', 13, NULL),
  (289, NULL, 1, 'Basalt', 13, NULL),
  (290, NULL, 1, 'Bauxite', 13, NULL),
  (291, NULL, 1, 'Building materials', 13, NULL),
  (292, NULL, 1, 'Carbon', 13, NULL),
  (293, NULL, 1, 'Clay', 13, NULL),
  (294, NULL, 1, 'Coal', 13, NULL),
  (295, NULL, 1, 'Cobalt', 13, NULL),
  (296, NULL, 1, 'Copper', 13, NULL),
  (297, NULL, 1, 'Diamond mining', 13, NULL),
  (298, NULL, 1, 'Emerald', 13, NULL),
  (299, NULL, 1, 'Feldspar', 13, NULL),
  (300, NULL, 1, 'Fluoride', 13, NULL),
  (301, NULL, 1, 'Gas', 13, NULL),
  (302, NULL, 1, 'Gold', 13, NULL),
  (303, NULL, 1, 'Granite', 13, NULL),
  (304, NULL, 1, 'Gravel', 13, NULL),
  (305, NULL, 1, 'Ilmenite', 13, NULL),
  (306, NULL, 1, 'Iron', 13, NULL),
  (307, NULL, 1, 'Jade', 13, NULL),
  (308, NULL, 1, 'Lead', 13, NULL),
  (309, NULL, 1, 'Limestone', 13, NULL),
  (310, NULL, 1, 'Manganese', 13, NULL),
  (311, NULL, 1, 'Marble', 13, NULL),
  (312, NULL, 1, 'Molybdenum', 13, NULL),
  (313, NULL, 1, 'Nickel', 13, NULL),
  (314, NULL, 1, 'Petroleum', 13, NULL),
  (315, NULL, 1, 'Phosphorous', 13, NULL),
  (316, NULL, 1, 'Platinum', 13, NULL),
  (317, NULL, 1, 'Pynions', 13, NULL),
  (318, NULL, 1, 'Pyrolisis Plant', 13, NULL),
  (319, NULL, 1, 'Salt', 13, NULL),
  (320, NULL, 1, 'Sand', 13, NULL),
  (321, NULL, 1, 'Silica', 13, NULL),
  (322, NULL, 1, 'Silver', 13, NULL),
  (323, NULL, 1, 'Stone', 13, NULL),
  (324, NULL, 1, 'Titanium', 13, NULL),
  (325, NULL, 1, 'Uranium', 13, NULL),
  (326, NULL, 1, 'Zinc', 13, NULL),
  (327, NULL, 1, 'Other', 13, NULL),
  (328, NULL, 1, 'Aquaculture', 26, NULL),
  (329, NULL, 1, 'Bees', 26, NULL),
  (330, NULL, 1, 'Cattle', 26, NULL),
  (331, NULL, 1, 'Goats', 26, NULL),
  (332, NULL, 1, 'Mariculture', 26, NULL),
  (333, NULL, 1, 'Pork', 26, NULL),
  (334, NULL, 1, 'Poultry', 26, NULL),
  (335, NULL, 1, 'Sheep', 26, NULL),
  (336, NULL, 1, 'Other', 26, NULL),
  (337, NULL, 1, 'Domestic use', 28, NULL),
  (338, NULL, 1, 'Export', 28, NULL),
  (339, NULL, 1, 'Commercial (large-scale) agriculture', 33, NULL),
  (340, NULL, 1, 'Smallholder agriculture', 33, NULL),
  (341, NULL, 1, 'Pastoralists', 33, NULL),
  (342, NULL, 1, 'Forestry', 33, NULL),
  (343, NULL, 1, 'Conservation', 33, NULL),
  (344, NULL, 1, 'Other', 33, NULL),
  (345, NULL, 1, 'Cropland', 35, NULL),
  (346, NULL, 1, 'Forest land', 35, NULL),
  (347, NULL, 1, 'Grassland', 35, NULL),
  (348, NULL, 1, 'Marginal land', 35, NULL),
  (349, NULL, 1, 'Health', 36, NULL),
  (350, NULL, 1, 'Education', 36, NULL),
  (351, NULL, 1, 'Productive infrastructure', 36, NULL),
  (352, NULL, 1, 'Roads', 36, NULL),
  (353, NULL, 1, 'Capacity building', 36, NULL),
  (354, NULL, 1, 'Financial support', 36, NULL),
  (355, NULL, 1, 'Water supply', 36, NULL),
  (356, NULL, 1, 'Other', 36, NULL),
  (357, NULL, 1, 'Outright Purchase', 39, NULL),
  (358, NULL, 1, 'Lease/Concession', 39, NULL),
  (359, NULL, 1, 'Exploitation License', 39, NULL),
  (360, NULL, 1, 'Project not started', 43, NULL),
  (361, NULL, 1, 'Startup phase', 43, NULL),
  (362, NULL, 1, 'In operation', 43, NULL),
  (363, NULL, 1, 'Project abandoned', 43, NULL),
  (364, NULL, 1, 'Accacia', 44, NULL),
  (365, NULL, 1, 'Alfalfa', 44, NULL),
  (366, NULL, 1, 'Algae', 44, NULL),
  (367, NULL, 1, 'Almond', 44, NULL),
  (368, NULL, 1, 'Aloe Vera', 44, NULL),
  (369, NULL, 1, 'Apple', 44, NULL),
  (370, NULL, 1, 'Aquaculture', 44, NULL),
  (371, NULL, 1, 'Bamboo', 44, NULL),
  (372, NULL, 1, 'Banana', 44, NULL),
  (373, NULL, 1, 'Barley', 44, NULL),
  (374, NULL, 1, 'Bean', 44, NULL),
  (375, NULL, 1, 'Bottle Gourd', 44, NULL),
  (376, NULL, 1, 'Buckwheat', 44, NULL),
  (377, NULL, 1, 'Cacao', 44, NULL),
  (378, NULL, 1, 'Canola', 44, NULL),
  (379, NULL, 1, 'Cashew', 44, NULL),
  (380, NULL, 1, 'Cassava (Maniok)', 44, NULL),
  (381, NULL, 1, 'Castor Oil Plant', 44, NULL),
  (382, NULL, 1, 'Cereals (no specification)', 44, NULL),
  (383, NULL, 1, 'Chat', 44, NULL),
  (384, NULL, 1, 'Cherries', 44, NULL),
  (385, NULL, 1, 'Chert', 44, NULL),
  (386, NULL, 1, 'Citrus Fruits', 44, NULL),
  (387, NULL, 1, 'Coconut', 44, NULL),
  (388, NULL, 1, 'Coffee Plant', 44, NULL),
  (389, NULL, 1, 'Corn (Maize)', 44, NULL),
  (390, NULL, 1, 'Cotton', 44, NULL),
  (391, NULL, 1, 'Croton', 44, NULL),
  (392, NULL, 1, 'Dill', 44, NULL),
  (393, NULL, 1, 'Eucalyptus', 44, NULL),
  (394, NULL, 1, 'Fig-Nut', 44, NULL),
  (395, NULL, 1, 'Flowers', 44, NULL),
  (396, NULL, 1, 'Fodder Plants', 44, NULL),
  (397, NULL, 1, 'Fruit', 44, NULL),
  (398, NULL, 1, 'Glucose Syrup', 44, NULL),
  (399, NULL, 1, 'Grains', 44, NULL),
  (400, NULL, 1, 'Grapes', 44, NULL),
  (401, NULL, 1, 'Herbs (no specification)', 44, NULL),
  (402, NULL, 1, 'Jatropha', 44, NULL),
  (403, NULL, 1, 'Lentils', 44, NULL),
  (404, NULL, 1, 'Mango', 44, NULL),
  (405, NULL, 1, 'Mariculture', 44, NULL),
  (406, NULL, 1, 'Mustard', 44, NULL),
  (407, NULL, 1, 'Oil Palm', 44, NULL),
  (408, NULL, 1, 'Oil Seeds', 44, NULL),
  (409, NULL, 1, 'Oleagionous plant', 44, NULL),
  (410, NULL, 1, 'Olives', 44, NULL),
  (411, NULL, 1, 'Onion', 44, NULL),
  (412, NULL, 1, 'Palms', 44, NULL),
  (413, NULL, 1, 'Papaya', 44, NULL),
  (414, NULL, 1, 'Passion fruit', 44, NULL),
  (415, NULL, 1, 'Peanut', 44, NULL),
  (416, NULL, 1, 'Peas', 44, NULL),
  (417, NULL, 1, 'Pepper', 44, NULL),
  (418, NULL, 1, 'Pine', 44, NULL),
  (419, NULL, 1, 'Pineapple', 44, NULL),
  (420, NULL, 1, 'Pomegranate', 44, NULL),
  (421, NULL, 1, 'Pongamia Pinnata', 44, NULL),
  (422, NULL, 1, 'Potatoes', 44, NULL),
  (423, NULL, 1, 'Pulses', 44, NULL),
  (424, NULL, 1, 'Rapeseed', 44, NULL),
  (425, NULL, 1, 'Rice', 44, NULL),
  (426, NULL, 1, 'Roses', 44, NULL),
  (427, NULL, 1, 'Rubber', 44, NULL),
  (428, NULL, 1, 'Rye', 44, NULL),
  (429, NULL, 1, 'Sea Cucumber', 44, NULL),
  (430, NULL, 1, 'Seed Production', 44, NULL),
  (431, NULL, 1, 'Sesame', 44, NULL),
  (432, NULL, 1, 'Sisal', 44, NULL),
  (433, NULL, 1, 'Sorghum', 44, NULL),
  (434, NULL, 1, 'Soya Beans', 44, NULL),
  (435, NULL, 1, 'Starch', 44, NULL),
  (436, NULL, 1, 'Sugar beet', 44, NULL),
  (437, NULL, 1, 'Sugar Cane', 44, NULL),
  (438, NULL, 1, 'Sun Flower', 44, NULL),
  (439, NULL, 1, 'Sweet Potatoes', 44, NULL),
  (440, NULL, 1, 'Tea', 44, NULL),
  (441, NULL, 1, 'Teak', 44, NULL),
  (442, NULL, 1, 'Teff', 44, NULL),
  (443, NULL, 1, 'Tomatoes', 44, NULL),
  (444, NULL, 1, 'Trees', 44, NULL),
  (445, NULL, 1, 'Vegetables', 44, NULL),
  (446, NULL, 1, 'Vineyard', 44, NULL),
  (447, NULL, 1, 'Wheat', 44, NULL),
  (448, NULL, 1, 'Yam', 44, NULL),
  (449, NULL, 1, 'Other', 44, NULL),
  (450, NULL, 1, 'Agrofuels', 46, NULL),
  (451, NULL, 1, 'Food crops', 46, NULL),
  (452, NULL, 1, 'Livestock', 46, NULL),
  (453, NULL, 1, 'Non-food agricultural commodities', 46, NULL),
  (454, NULL, 1, 'State', 49, NULL),
  (455, NULL, 1, 'Private (smallholders)', 49, NULL),
  (456, NULL, 1, 'Private (large-scale)', 49, NULL),
  (457, NULL, 1, 'Community', 49, NULL),
  (458, NULL, 1, 'Other', 49, NULL)
;
SELECT setval('data.a_values_id_seq', 458, true);

INSERT INTO data.sh_keys (id, fk_sh_key, fk_language, key, type, helptext, description, validator) VALUES
  (1, NULL, NULL, 'Country of origin', 'Dropdown', NULL, NULL, NULL),
  (2, NULL, NULL, 'Name', 'String', NULL, NULL, NULL),
  (3, NULL, NULL, 'Website', 'String', NULL, NULL, NULL),
  (4, NULL, NULL, 'Economic Sector', 'Dropdown', NULL, NULL, NULL),
  (5, NULL, NULL, 'Phone', 'String', NULL, NULL, NULL),
  (6, NULL, NULL, 'Domestic Partner', 'String', NULL, NULL, NULL),
  (7, NULL, NULL, 'Address', 'String', NULL, NULL, NULL),
  (8, NULL, NULL, 'Type of Institution', 'Dropdown', NULL, NULL, NULL),
  (9, 1, 1, 'Country of origin', NULL, NULL, NULL, NULL),
  (10, 2, 1, 'Name', NULL, NULL, NULL, NULL),
  (11, 3, 1, 'Website', NULL, NULL, NULL, NULL),
  (12, 4, 1, 'Economic Sector', NULL, NULL, NULL, NULL),
  (13, 5, 1, 'Phone', NULL, NULL, NULL, NULL),
  (14, 6, 1, 'Domestic Partner', NULL, NULL, NULL, NULL),
  (15, 7, 1, 'Address', NULL, NULL, NULL, NULL),
  (16, 8, 1, 'Type of Institution', NULL, NULL, NULL, NULL)
;
SELECT setval('data.sh_keys_id_seq', 16, true);

INSERT INTO data.sh_values (id, fk_sh_value, fk_language, value, fk_sh_key, "order") VALUES
  (1, NULL, 1, 'Afghanistan', 1, NULL),
  (2, NULL, 1, 'Åland Islands', 1, NULL),
  (3, NULL, 1, 'Albania', 1, NULL),
  (4, NULL, 1, 'Algeria', 1, NULL),
  (5, NULL, 1, 'American Samoa', 1, NULL),
  (6, NULL, 1, 'Andorra', 1, NULL),
  (7, NULL, 1, 'Angola', 1, NULL),
  (8, NULL, 1, 'Anguilla', 1, NULL),
  (9, NULL, 1, 'Antarctica', 1, NULL),
  (10, NULL, 1, 'Antigua and Barbuda', 1, NULL),
  (11, NULL, 1, 'Argentina', 1, NULL),
  (12, NULL, 1, 'Armenia', 1, NULL),
  (13, NULL, 1, 'Aruba', 1, NULL),
  (14, NULL, 1, 'Australia', 1, NULL),
  (15, NULL, 1, 'Austria', 1, NULL),
  (16, NULL, 1, 'Azerbaijan', 1, NULL),
  (17, NULL, 1, 'Bahamas', 1, NULL),
  (18, NULL, 1, 'Bahrain', 1, NULL),
  (19, NULL, 1, 'Bangladesh', 1, NULL),
  (20, NULL, 1, 'Barbados', 1, NULL),
  (21, NULL, 1, 'Belarus', 1, NULL),
  (22, NULL, 1, 'Belgium', 1, NULL),
  (23, NULL, 1, 'Belize', 1, NULL),
  (24, NULL, 1, 'Benin', 1, NULL),
  (25, NULL, 1, 'Bermuda', 1, NULL),
  (26, NULL, 1, 'Bhutan', 1, NULL),
  (27, NULL, 1, 'Bolivia, Plurinational State of', 1, NULL),
  (28, NULL, 1, 'Bonaire, Sint Eustatius and Saba', 1, NULL),
  (29, NULL, 1, 'Bosnia and Herzegovina', 1, NULL),
  (30, NULL, 1, 'Botswana', 1, NULL),
  (31, NULL, 1, 'Bouvet Island', 1, NULL),
  (32, NULL, 1, 'Brazil', 1, NULL),
  (33, NULL, 1, 'British Indian Ocean Territory', 1, NULL),
  (34, NULL, 1, 'Virgin Islands, British', 1, NULL),
  (35, NULL, 1, 'Brunei Darussalam', 1, NULL),
  (36, NULL, 1, 'Bulgaria', 1, NULL),
  (37, NULL, 1, 'Burkina Faso', 1, NULL),
  (38, NULL, 1, 'Burundi', 1, NULL),
  (39, NULL, 1, 'Cambodia', 1, NULL),
  (40, NULL, 1, 'Cameroon', 1, NULL),
  (41, NULL, 1, 'Canada', 1, NULL),
  (42, NULL, 1, 'Cape Verde', 1, NULL),
  (44, NULL, 1, 'Cayman Islands', 1, NULL),
  (45, NULL, 1, 'Central African Republic', 1, NULL),
  (46, NULL, 1, 'Chad', 1, NULL),
  (47, NULL, 1, 'Chile', 1, NULL),
  (48, NULL, 1, 'China', 1, NULL),
  (49, NULL, 1, 'Christmas Island', 1, NULL),
  (51, NULL, 1, 'Cocos (Keeling) Islands', 1, NULL),
  (52, NULL, 1, 'Colombia', 1, NULL),
  (53, NULL, 1, 'Comoros', 1, NULL),
  (54, NULL, 1, 'Cook Islands', 1, NULL),
  (55, NULL, 1, 'Costa Rica', 1, NULL),
  (56, NULL, 1, 'Côte d''Ivoire', 1, NULL),
  (57, NULL, 1, 'Croatia', 1, NULL),
  (58, NULL, 1, 'Cuba', 1, NULL),
  (59, NULL, 1, 'Curaçao', 1, NULL),
  (60, NULL, 1, 'Cyprus', 1, NULL),
  (61, NULL, 1, 'Czech Republic', 1, NULL),
  (62, NULL, 1, 'Congo, the Democratic Republic of the', 1, NULL),
  (63, NULL, 1, 'Denmark', 1, NULL),
  (64, NULL, 1, 'Djibouti', 1, NULL),
  (65, NULL, 1, 'Dominica', 1, NULL),
  (66, NULL, 1, 'Dominican Republic', 1, NULL),
  (67, NULL, 1, 'Timor-Leste', 1, NULL),
  (68, NULL, 1, 'Ecuador', 1, NULL),
  (69, NULL, 1, 'Egypt', 1, NULL),
  (70, NULL, 1, 'El Salvador', 1, NULL),
  (71, NULL, 1, 'Equatorial Guinea', 1, NULL),
  (72, NULL, 1, 'Eritrea', 1, NULL),
  (73, NULL, 1, 'Estonia', 1, NULL),
  (74, NULL, 1, 'Ethiopia', 1, NULL),
  (75, NULL, 1, 'Falkland Islands (Malvinas)', 1, NULL),
  (76, NULL, 1, 'Faroe Islands', 1, NULL),
  (77, NULL, 1, 'Fiji', 1, NULL),
  (78, NULL, 1, 'Finland', 1, NULL),
  (79, NULL, 1, 'France', 1, NULL),
  (80, NULL, 1, 'French Guiana', 1, NULL),
  (81, NULL, 1, 'French Polynesia', 1, NULL),
  (82, NULL, 1, 'French Southern Territories', 1, NULL),
  (83, NULL, 1, 'Gabon', 1, NULL),
  (84, NULL, 1, 'Gambia', 1, NULL),
  (85, NULL, 1, 'Georgia', 1, NULL),
  (86, NULL, 1, 'Germany', 1, NULL),
  (87, NULL, 1, 'Ghana', 1, NULL),
  (88, NULL, 1, 'Gibraltar', 1, NULL),
  (89, NULL, 1, 'Greece', 1, NULL),
  (90, NULL, 1, 'Greenland', 1, NULL),
  (91, NULL, 1, 'Grenada', 1, NULL),
  (92, NULL, 1, 'Guadeloupe', 1, NULL),
  (93, NULL, 1, 'Guam', 1, NULL),
  (94, NULL, 1, 'Guatemala', 1, NULL),
  (95, NULL, 1, 'Guernsey', 1, NULL),
  (96, NULL, 1, 'Guinea', 1, NULL),
  (97, NULL, 1, 'Guinea-Bissau', 1, NULL),
  (98, NULL, 1, 'Guyana', 1, NULL),
  (99, NULL, 1, 'Haiti', 1, NULL),
  (100, NULL, 1, 'Heard Island and McDonald Islands', 1, NULL),
  (101, NULL, 1, 'Honduras', 1, NULL),
  (102, NULL, 1, 'Hong Kong', 1, NULL),
  (103, NULL, 1, 'Hungary', 1, NULL),
  (104, NULL, 1, 'Iceland', 1, NULL),
  (105, NULL, 1, 'India', 1, NULL),
  (106, NULL, 1, 'Indonesia', 1, NULL),
  (107, NULL, 1, 'Iran, Islamic Republic of', 1, NULL),
  (108, NULL, 1, 'Iraq', 1, NULL),
  (109, NULL, 1, 'Ireland', 1, NULL),
  (110, NULL, 1, 'Isle of Man', 1, NULL),
  (111, NULL, 1, 'Israel', 1, NULL),
  (112, NULL, 1, 'Italy', 1, NULL),
  (113, NULL, 1, 'Jamaica', 1, NULL),
  (114, NULL, 1, 'Japan', 1, NULL),
  (115, NULL, 1, 'Jersey', 1, NULL),
  (116, NULL, 1, 'Jordan', 1, NULL),
  (117, NULL, 1, 'Kazakhstan', 1, NULL),
  (118, NULL, 1, 'Kenya', 1, NULL),
  (119, NULL, 1, 'Kiribati', 1, NULL),
  (121, NULL, 1, 'Kuwait', 1, NULL),
  (122, NULL, 1, 'Kyrgyzstan', 1, NULL),
  (123, NULL, 1, 'Lao People''s Democratic Republic', 1, NULL),
  (124, NULL, 1, 'Latvia', 1, NULL),
  (125, NULL, 1, 'Lebanon', 1, NULL),
  (126, NULL, 1, 'Lesotho', 1, NULL),
  (127, NULL, 1, 'Liberia', 1, NULL),
  (128, NULL, 1, 'Libya', 1, NULL),
  (129, NULL, 1, 'Liechtenstein', 1, NULL),
  (130, NULL, 1, 'Lithuania', 1, NULL),
  (131, NULL, 1, 'Luxembourg', 1, NULL),
  (132, NULL, 1, 'Macao', 1, NULL),
  (133, NULL, 1, 'Macedonia, The Former Yugoslav Republic of', 1, NULL),
  (134, NULL, 1, 'Madagascar', 1, NULL),
  (135, NULL, 1, 'Malawi', 1, NULL),
  (136, NULL, 1, 'Malaysia', 1, NULL),
  (137, NULL, 1, 'Maldives', 1, NULL),
  (138, NULL, 1, 'Mali', 1, NULL),
  (139, NULL, 1, 'Malta', 1, NULL),
  (140, NULL, 1, 'Marshall Islands', 1, NULL),
  (141, NULL, 1, 'Martinique', 1, NULL),
  (142, NULL, 1, 'Mauritania', 1, NULL),
  (143, NULL, 1, 'Mauritius', 1, NULL),
  (144, NULL, 1, 'Mayotte', 1, NULL),
  (145, NULL, 1, 'Mexico', 1, NULL),
  (146, NULL, 1, 'Micronesia, Federated States of', 1, NULL),
  (147, NULL, 1, 'Moldova, Republic of', 1, NULL),
  (148, NULL, 1, 'Monaco', 1, NULL),
  (149, NULL, 1, 'Mongolia', 1, NULL),
  (150, NULL, 1, 'Montenegro', 1, NULL),
  (151, NULL, 1, 'Montserrat', 1, NULL),
  (152, NULL, 1, 'Morocco', 1, NULL),
  (153, NULL, 1, 'Mozambique', 1, NULL),
  (154, NULL, 1, 'Myanmar', 1, NULL),
  (155, NULL, 1, 'Namibia', 1, NULL),
  (156, NULL, 1, 'Nauru', 1, NULL),
  (157, NULL, 1, 'Nepal', 1, NULL),
  (158, NULL, 1, 'Netherlands', 1, NULL),
  (159, NULL, 1, 'New Caledonia', 1, NULL),
  (160, NULL, 1, 'New Zealand', 1, NULL),
  (161, NULL, 1, 'Nicaragua', 1, NULL),
  (162, NULL, 1, 'Niger', 1, NULL),
  (163, NULL, 1, 'Nigeria', 1, NULL),
  (164, NULL, 1, 'Niue', 1, NULL),
  (165, NULL, 1, 'Norfolk Island', 1, NULL),
  (166, NULL, 1, 'Korea, Democratic People''s Republic of', 1, NULL),
  (167, NULL, 1, 'Northern Mariana Islands', 1, NULL),
  (168, NULL, 1, 'Norway', 1, NULL),
  (169, NULL, 1, 'Oman', 1, NULL),
  (170, NULL, 1, 'Pakistan', 1, NULL),
  (171, NULL, 1, 'Palau', 1, NULL),
  (172, NULL, 1, 'Palestine, State of', 1, NULL),
  (173, NULL, 1, 'Panama', 1, NULL),
  (174, NULL, 1, 'Papua New Guinea', 1, NULL),
  (175, NULL, 1, 'Paraguay', 1, NULL),
  (176, NULL, 1, 'Peru', 1, NULL),
  (177, NULL, 1, 'Philippines', 1, NULL),
  (178, NULL, 1, 'Pitcairn', 1, NULL),
  (179, NULL, 1, 'Poland', 1, NULL),
  (180, NULL, 1, 'Portugal', 1, NULL),
  (181, NULL, 1, 'Puerto Rico', 1, NULL),
  (182, NULL, 1, 'Qatar', 1, NULL),
  (183, NULL, 1, 'Congo', 1, NULL),
  (184, NULL, 1, 'Réunion', 1, NULL),
  (185, NULL, 1, 'Romania', 1, NULL),
  (186, NULL, 1, 'Russian Federation', 1, NULL),
  (187, NULL, 1, 'Rwanda', 1, NULL),
  (188, NULL, 1, 'Saint Helena, Ascension and Tristan da Cunha', 1, NULL),
  (189, NULL, 1, 'Saint Kitts and Nevis', 1, NULL),
  (190, NULL, 1, 'Saint Lucia', 1, NULL),
  (191, NULL, 1, 'Saint Pierre and Miquelon', 1, NULL),
  (192, NULL, 1, 'Saint Vincent and the Grenadines', 1, NULL),
  (193, NULL, 1, 'Saint Barthélemy', 1, NULL),
  (194, NULL, 1, 'Saint Martin (French part)', 1, NULL),
  (195, NULL, 1, 'Samoa', 1, NULL),
  (196, NULL, 1, 'San Marino', 1, NULL),
  (197, NULL, 1, 'Sao Tome and Principe', 1, NULL),
  (198, NULL, 1, 'Saudi Arabia', 1, NULL),
  (199, NULL, 1, 'Senegal', 1, NULL),
  (200, NULL, 1, 'Serbia', 1, NULL),
  (201, NULL, 1, 'Seychelles', 1, NULL),
  (202, NULL, 1, 'Sierra Leone', 1, NULL),
  (203, NULL, 1, 'Singapore', 1, NULL),
  (204, NULL, 1, 'Sint Maarten (Dutch part)', 1, NULL),
  (205, NULL, 1, 'Slovakia', 1, NULL),
  (206, NULL, 1, 'Slovenia', 1, NULL),
  (207, NULL, 1, 'Solomon Islands', 1, NULL),
  (208, NULL, 1, 'Somalia', 1, NULL),
  (209, NULL, 1, 'South Africa', 1, NULL),
  (210, NULL, 1, 'South Georgia and the South Sandwich Islands', 1, NULL),
  (211, NULL, 1, 'Korea, Republic of', 1, NULL),
  (212, NULL, 1, 'South Sudan', 1, NULL),
  (213, NULL, 1, 'Spain', 1, NULL),
  (215, NULL, 1, 'Sri Lanka', 1, NULL),
  (216, NULL, 1, 'Sudan', 1, NULL),
  (217, NULL, 1, 'Suriname', 1, NULL),
  (218, NULL, 1, 'Svalbard and Jan Mayen', 1, NULL),
  (219, NULL, 1, 'Swaziland', 1, NULL),
  (220, NULL, 1, 'Sweden', 1, NULL),
  (221, NULL, 1, 'Switzerland', 1, NULL),
  (222, NULL, 1, 'Syrian Arab Republic', 1, NULL),
  (223, NULL, 1, 'Taiwan, Province of China', 1, NULL),
  (224, NULL, 1, 'Tajikistan', 1, NULL),
  (225, NULL, 1, 'Tanzania, United Republic of', 1, NULL),
  (226, NULL, 1, 'Thailand', 1, NULL),
  (227, NULL, 1, 'Togo', 1, NULL),
  (228, NULL, 1, 'Tokelau', 1, NULL),
  (229, NULL, 1, 'Tonga', 1, NULL),
  (230, NULL, 1, 'Trinidad and Tobago', 1, NULL),
  (231, NULL, 1, 'Tunisia', 1, NULL),
  (232, NULL, 1, 'Turkey', 1, NULL),
  (233, NULL, 1, 'Turkmenistan', 1, NULL),
  (234, NULL, 1, 'Turks and Caicos Islands', 1, NULL),
  (235, NULL, 1, 'Tuvalu', 1, NULL),
  (236, NULL, 1, 'Uganda', 1, NULL),
  (237, NULL, 1, 'Ukraine', 1, NULL),
  (238, NULL, 1, 'United Arab Emirates', 1, NULL),
  (239, NULL, 1, 'United Kingdom', 1, NULL),
  (240, NULL, 1, 'United States', 1, NULL),
  (241, NULL, 1, 'United States Minor Outlying Islands', 1, NULL),
  (242, NULL, 1, 'Uruguay', 1, NULL),
  (243, NULL, 1, 'Uzbekistan', 1, NULL),
  (244, NULL, 1, 'Vanuatu', 1, NULL),
  (245, NULL, 1, 'Holy See (Vatican City State)', 1, NULL),
  (246, NULL, 1, 'Venezuela, Bolivarian Republic of', 1, NULL),
  (247, NULL, 1, 'Viet Nam', 1, NULL),
  (248, NULL, 1, 'Virgin Islands, U.S.', 1, NULL),
  (249, NULL, 1, 'Wallis and Futuna', 1, NULL),
  (250, NULL, 1, 'Western Sahara', 1, NULL),
  (251, NULL, 1, 'Yemen', 1, NULL),
  (252, NULL, 1, 'Zambia', 1, NULL),
  (253, NULL, 1, 'Zimbabwe', 1, NULL),
  (254, NULL, 1, 'Financial Investment', 4, NULL),
  (255, NULL, 1, 'Agriculture', 4, NULL),
  (256, NULL, 1, 'Food production', 4, NULL),
  (257, NULL, 1, 'Energy sector', 4, NULL),
  (258, NULL, 1, 'Mining', 4, NULL),
  (259, NULL, 1, 'Financial sector', 4, NULL),
  (260, NULL, 1, 'Tourism', 4, NULL),
  (261, NULL, 1, 'Other', 4, NULL),
  (262, NULL, 1, 'State-owned company', 8, NULL),
  (263, NULL, 1, 'Private company', 8, NULL),
  (264, NULL, 1, 'Investment fund', 8, NULL),
  (265, NULL, 1, 'Public investor', 8, NULL),
  (266, NULL, 1, 'Individual entrepreneur', 8, NULL),
  (267, NULL, 1, 'Semi-state owned', 8, NULL),
  (268, NULL, 1, 'Other', 8, NULL)
;
SELECT setval('data.sh_values_id_seq', 268, true);

INSERT INTO data.profiles (id, code, polygon) VALUES (
1,
'myanmar',
ST_Transform(ST_GeomFromText('Polygon((1073077.20044145826250315 1061751.27026009140536189,
1042667.6735243444563821 1058160.13986528548412025,
1018331.58439576858654618 1065854.29591114399954677,
991397.52997880685143173 1154342.74508503940887749,
991648.32037061033770442 1178123.10674603586085141,
962225.53189492435194552 1301795.54621769580990076,
962017.67219779035076499 1311078.29050689237192273,
984684.61121706804260612 1346441.78536142944358289,
998000.96442953497171402 1386951.26417527301236987,
991655.08973683789372444 1408101.79873159574344754,
997879.82918660459108651 1666844.71396290557458997,
989607.47864545183256269 1688864.29557337798178196,
986222.14046921930275857 1752854.0795864243991673,
972044.4490711719263345 1770085.82539793103933334,
972635.1427283373195678 1783484.66532774432562292,
959844.94655292527750134 1803547.79896892979741096,
959214.06086384551599622 1817876.04091957211494446,
951258.66042906709481031 1822052.40728126978501678,
939940.63011072447989136 1841243.60640648775734007,
930133.57024259178433567 1872690.34147625206969678,
922696.6332216823939234 1874055.13600756064988673,
904867.66966611356474459 1830427.64026449318043888,
891892.14076104550622404 1819042.60749827511608601,
872906.93651203811168671 1812214.82461695000529289,
808868.05028314213268459 1774324.95915045100264251,
802790.67987971298862249 1758415.89561522542499006,
787110.42738111480139196 1738936.71418291516602039,
762213.20530228281859308 1722790.20969294500537217,
705360.70390435052104294 1721718.0150768079329282,
663679.3534067755099386 1743598.72677038190886378,
650038.33909808367025107 1734301.29064483847469091,
641759.36918257491197437 1735107.15591010265052319,
635364.12964660581201315 1751383.49966872064396739,
617081.99379114469047636 1755326.96117372973822057,
608101.47238625178579241 1775623.59365388518199325,
616678.13619441341143101 1831085.10309716733172536,
626683.55226895539090037 1843845.41740495874546468, 618137.93791620887350291 1928692.84168791747651994, 580417.55484448245260864 2016656.99004879430867732, 526826.64207290846388787 2074780.18874694569967687, 507955.85503605345729738 2134607.15688542788848281, 485440.21748306817607954 2176133.66229528002440929, 433217.33703129505738616 2221111.8324946747161448, 429961.12404467817395926 2237725.02674751123413444, 439899.42581645993050188 2251978.66468343278393149, 440442.41146502015180886 2274133.96121455449610949, 433902.42209549422841519 2285046.77332648634910583, 422995.00925949768861756 2330931.36758955381810665, 414093.67939982790267095 2341305.06004785606637597, 419021.47444895398803055 2348170.03257769392803311, 416819.35688293725252151 2358779.19823971251025796, 423125.93846550927264616 2362489.77277198294177651, 424374.33356895332690328 2369988.22284375736489892, 429968.64490129583282396 2368716.51528907101601362, 434503.69767379231052473 2375294.60794238373637199, 441826.89645202644169331 2362637.99387113470584154, 454274.56629523151786998 2364558.5266592288389802, 458250.24911024305038154 2349438.18389383051544428, 466858.36780348391039297 2353983.92345063108950853, 460261.30449145077727735 2375689.67329576006159186, 458792.18979386397404596 2430882.14447055477648973, 466946.75846598763018847 2435843.93308700155466795, 469124.91928213753271848 2450106.07729662582278252, 485411.47408549598185346 2439075.21021065628156066, 489789.2737917389604263 2427695.65437949309125543, 494123.35982422909000888 2435964.12420251918956637, 500630.76538157142931595 2433257.42807941464707255, 504895.88353836652822793 2455610.83853100705891848, 515262.60640899947611615 2453280.77007703157141805, 514696.46118472213856876 2460040.86105978395789862, 520511.98549544351408258 2460971.97558282082900405, 519147.86880492162890732 2480274.7080759322270751, 511051.06366637430619448 2491098.01966915978118777, 514521.25335730286315084 2498538.7964021023362875, 509786.63977931259432808 2522149.39079709025099874, 516922.26204749866155908 2533471.15351374261081219, 513662.32424377166898921 2549995.73848269553855062, 529984.04881532432045788 2544230.28985768603160977, 539608.14825691108126193 2559405.28188349213451147, 536323.27770665334537625 2582607.04962358484044671, 541016.24517397780437022 2586030.97628075024113059, 544594.19661559606902301 2619107.74854153022170067, 540093.44517756346613169 2627592.28480150876566768, 539864.57041763758752495 2646507.18663689726963639, 533724.55800112197175622 2652585.12223223224282265, 534597.02444335608743131 2665874.29111888958141208, 541353.85984699812252074 2663274.13826708262786269, 551158.97216664929874241 2648585.45850390428677201, 560510.14077326934784651 2650143.64808083977550268, 563715.46140314708463848 2655661.87178916065022349, 576952.98317338665947318 2655109.1642226311378181, 582522.09855926118325442 2646197.94111874559894204, 594841.47643943538423628 2649094.05394241586327553, 617731.66259335284121335 2637782.46202754182741046, 641298.68542245065327734 2708383.23788478132337332, 652848.98219543183222413 2720684.05341537436470389, 656460.06232190551236272 2733384.21931203408166766, 662533.4693258396582678 2733919.87575382459908724, 675317.52461740071885288 2766166.48230516072362661, 675161.8588369352510199 2781019.07210343517363071, 658908.592607261845842 2789776.49924150295555592, 664529.6794964240398258 2809750.38305738149210811, 669539.69749635364860296 2817645.92855230951681733, 679218.55659731104969978 2819503.37322004837915301, 690471.91581057128496468 2829224.49645586218684912, 694738.21516330470331013 2840799.75754132121801376, 704916.43893822049722075 2848554.38030141545459628, 703192.92312565795145929 2870064.88246129546314478, 718544.61493175860960037 2885181.50593855930492282, 711746.96670369862113148 2888972.4329900243319571, 712791.04949449095875025 2919868.34020802937448025, 705709.8946578485192731 2927415.67820123303681612, 714256.13942217046860605 2945540.88227732200175524, 722157.58482691273093224 2952954.86285439506173134, 729215.31148467026650906 2949832.9761520647443831, 742742.21269762923475355 2955777.02996868314221501, 748875.61151177366264164 2967453.70450217975303531, 759355.45605778018943965 2968493.26011401508003473, 765780.17676972877234221 2978679.20067185163497925, 771379.34277101908810437 2977082.38398441765457392, 778452.91532383055891842 2990941.15609809616580606, 792435.01327769143972546 2995734.25615042913705111, 807214.2712993718450889 3015068.78526175208389759, 828062.30162951909005642 3023312.60810794029384851, 849092.34702000359538943 3023401.6761689679697156, 857208.17764453962445259 3032243.79063086118549109, 862565.58230200631078333 3028737.9431096357293427, 866886.39937707176432014 3033617.79724907409399748, 874164.11638745898380876 3031317.78910692315548658, 885160.52544812951236963 3019704.2823200523853302, 882113.2250526970019564 3015811.98459800938144326, 885527.66757019003853202 3011949.8957943613640964, 911459.61947869649156928 3003564.20806571189314127, 913780.61823242390528321 3009474.68479437660425901, 887071.6874095652019605 3042926.057927121873945, 884836.3439454457256943 3060176.12412665784358978, 919003.1790580959059298 3092726.35257028741762042, 931233.67734974587801844 3092964.85846693441271782, 932218.4482007174519822 3107049.65358036151155829, 923985.61112727108411491 3111437.97378257941454649, 926950.01641095639206469 3131548.19452266488224268, 932932.89129270031116903 3132790.36320927925407887, 933858.83370345586445183 3138150.56248495820909739, 938438.02816924394574016 3135540.98174096597358584, 943061.49280003237072378 3142054.89145602192729712, 939000.5465555825503543 3147430.39256772818043828, 943210.72732795984484255 3154787.91625052271410823, 940656.56031979247927666 3159997.30355467926710844, 947658.08562530018389225 3166427.34475316246971488, 962458.1217542290687561 3161221.51866730721667409, 970525.48932819138281047 3143080.46536774421110749, 981334.16098516166675836 3147815.38866608124226332, 991858.8508289271267131 3137710.1351162944920361, 993005.89837529673241079 3129366.56621732749044895, 998954.05095950758550316 3130439.06482433388009667, 1005200.964227408869192 3123811.89951878460124135, 1005936.25330654252320528 3102964.38674022536724806, 1011011.08182123163715005 3101513.86258848989382386, 1009709.29069704283028841 3090418.9729788233526051, 1015018.23124868737068027 3087448.77374047134071589, 1015222.66161085106432438 3076656.98622317425906658, 1023375.44435939914546907 3068001.34723607264459133, 1025511.31330182985402644 3055666.88363318424671888, 1031439.78477385092992336 3054567.28254768578335643, 1036407.39747205993626267 3059301.98337495839223266, 1037154.98897798708640039 3072410.21247763885185122, 1045861.02268038701731712 3067643.804088253993541, 1048659.77076431014575064 3070647.452390699647367, 1052263.53036222606897354 3061963.75234902836382389, 1063705.94932216312736273 3061789.69042016612365842, 1062551.28495097416453063 3046889.02499762969091535, 1068470.5730444579385221 3036326.02386721922084689, 1064243.12648508627898991 3021429.87469722051173449, 1066866.77006868598982692 3007991.38314097560942173, 1072454.18114666966721416 3005339.43846001755446196, 1069897.71529245376586914 2983232.14373612962663174, 1076261.66986261680722237 2955775.0723158773034811, 1072683.90976225910708308 2927719.40406157355755568, 1067310.44334893301129341 2919083.30212458595633507, 1073699.39546506572514772 2909427.43295838357880712, 1072414.60489454306662083 2902722.73852768633514643, 1067405.65774347865954041 2898174.24199638282880187, 1064959.20599352079443634 2904326.1564784087240696, 1057705.63452643807977438 2901083.39388352166861296, 1072257.9888169327750802 2872132.75134359765797853, 1065186.47784775448963046 2865630.53850652975961566, 1054939.16009537363424897 2870489.61760068545117974, 1043040.93165318737737834 2842407.01929046865552664, 1034419.94897872605361044 2836413.10133030544966459, 1019207.84486382850445807 2844363.14729892695322633, 1017273.42754286376293749 2817760.80914904316887259, 1013449.97273020877037197 2818266.67665684316307306, 1010799.98148835450410843 2809484.04180285148322582, 1005003.36809660401195288 2808413.8671824736520648, 998430.67622259934432805 2798222.02791717369109392, 987662.58848896040581167 2803951.03649752633646131, 976386.05825770040974021 2782604.14024254959076643, 977960.20241335383616388 2763506.90416401159018278, 985016.56754987547174096 2757053.34435081854462624, 975497.43419240554794669 2756192.17329805856570601, 960091.93869367858860642 2744033.95812524901703, 963223.92198968515731394 2734951.19916589558124542, 959362.4062894880771637 2710053.3067865464836359, 973596.50407746678683907 2712754.07983795367181301, 978715.36192679964005947 2702829.77789674233645201, 973801.65675304993055761 2700661.09765955666080117, 973859.58354535768739879 2695414.61835295241326094, 984403.59952149470336735 2691802.83073969604447484, 980435.56057910562958568 2687767.48735054302960634, 981045.71835640701465309 2675064.60789340687915683, 961141.56215340876951814 2653810.73853037320077419, 975600.1715332044987008 2645174.18147021858021617, 988135.38239982048980892 2657722.82460610242560506, 1017781.15313513879664242 2673469.05702266516163945, 1063853.44348119618371129 2679919.05953776137903333, 1069090.77234420692548156 2674753.32746958127245307, 1097905.01204199553467333 2683987.40099416300654411, 1096784.86391975078731775 2674119.2931443122215569, 1078055.91812611720524728 2661868.06074608210474253, 1081623.99461183696985245 2648527.00512784579768777, 1078421.33427186054177582 2644387.80858428543433547, 1092492.66066294955089688 2640837.64927709149196744, 1101650.9872340178117156 2624295.79399795876815915, 1092882.89876477816142142 2615270.98384568002074957, 1105641.10282295034267008 2602573.02603870816528797, 1101561.46471386682242155 2592200.49391978327184916, 1108626.51798827806487679 2590351.58118234202265739, 1103051.15540237119421363 2575975.1840888480655849, 1121135.34864114667288959 2575693.45423509227111936, 1119914.02130106091499329 2570127.68337262608110905, 1125863.39479734818451107 2566780.81064480124041438, 1135707.050324363168329 2569418.55774261755868793, 1140935.99878766876645386 2566110.36847408255562186, 1150578.78811871679499745 2572937.65277145663276315, 1167790.24885863857343793 2567813.85780410235747695, 1174262.90506728691980243 2551203.32340672705322504, 1171268.92397006182000041 2547476.50282607693225145, 1161359.02512055169790983 2551676.31966730859130621, 1163979.22141829109750688 2541200.67061053216457367, 1149308.91290162946097553 2528534.63409440265968442, 1157431.62081399722956121 2501800.29057885659858584, 1144384.85511751286685467 2490018.85202228464186192, 1147358.71197792352177203 2484946.34595007495954633, 1136850.93978275544941425 2462348.22081906534731388, 1153463.1234736293554306 2456975.47598966350778937, 1168860.06965678581036627 2462218.23148793959990144, 1174209.81920421263203025 2458096.5273308171890676, 1187169.08276659832336009 2459571.67099960474297404, 1192619.18130379379726946 2452670.38108103023841977, 1196778.74047228321433067 2456516.07672594860196114, 1208598.78462308133020997 2451651.88524584658443928, 1210940.67223705537617207 2456741.37653659703209996, 1220633.66220634942874312 2455911.53690476110205054, 1223848.59508177917450666 2446602.30279275681823492, 1219223.48336312314495444 2428659.56235794816166162, 1229054.36551139852963388 2413505.47721443697810173, 1235336.30365182785317302 2417270.17064453382045031, 1242353.46867363876663148 2414255.78304420365020633, 1237108.44270985317416489 2404225.64646921772509813, 1243999.205905856564641 2393039.70234494842588902, 1245526.232703045476228 2396780.99078135984018445, 1252727.06150996219366789 2391354.09247672092169523, 1271057.61207449017092586 2400506.00803345255553722, 1276573.31930716591887176 2391539.92186676943674684, 1287758.7446941202506423 2391489.27946916408836842, 1301711.91532696131616831 2398839.76303627295419574,
1317515.56898602563887835 2419093.06933304108679295,
1330480.46116469288244843 2422083.72303732298314571,
1338216.3559234004933387 2430137.32185508962720633,
1341721.21910033654421568 2430167.92527744174003601,
1341496.19747218629345298 2421018.223911854904145,
1347764.77642493858002126 2411110.82353813666850328,
1344561.6665064066182822 2407618.4202939011156559, 1347463.51011692592874169 2402517.61753249913454056, 1331236.08127971598878503 2386157.04475680692121387, 1313968.33659719442948699 2375403.40662577841430902, 1302935.87496027396991849 2376423.61913651274517179, 1298597.8271739175543189 2355721.90754563035443425, 1295137.67856922931969166 2348079.50005101738497615, 1285816.24375752056948841 2343517.74060901580378413, 1282724.75999406771734357 2329279.57670601736754179, 1297319.64174993196502328 2328040.37667579902336001, 1289527.45125384582206607 2321307.34658541437238455, 1267845.7758146203123033 2320600.64169259648770094, 1256813.2800416718237102 2311640.2734869010746479, 1248996.18581000249832869 2298372.35197141300886869, 1240923.29686766397207975 2266439.83362244023010135, 1227286.87392641510814428 2278419.67826811969280243, 1217373.83981094788759947 2275906.84433777257800102, 1212020.23677985742688179 2263620.54659355618059635, 1198719.98102250974625349 2260660.7278198879212141, 1174981.61685604928061366 2268244.38909554667770863, 1186860.73878389596939087 2247901.18732791161164641, 1184472.38616506196558475 2241315.57193242385983467, 1170243.86549882031977177 2233894.13714059302583337, 1150080.6035598898306489 2238124.53262450499460101, 1136191.52609428181312978 2234298.14064678689464927, 1128042.96556014101952314 2193716.9156864476390183, 1112386.17622756864875555 2201460.0433457437902689, 1106234.96491386508569121 2194482.44462054222822189, 1099080.76338505139574409 2196020.8023953135125339, 1086504.51621774630621076 2189709.0727257989346981, 1084147.71386396605521441 2184766.69159260718151927, 1078003.47423455584794283 2189636.74758638069033623, 1050736.45101069658994675 2184180.17932286392897367, 1041978.21397693746257573 2194402.48072825279086828, 1027796.72137230902444571 2197834.02934561623260379, 1029338.77773250988684595 2180994.84273067628964782, 1010390.31791422655805945 2171811.3637557583861053, 1013408.85794911545235664 2163543.67079944722354412, 1002912.61603513103909791 2151896.19018094940111041, 1009292.99977054167538881 2140357.20795519184321165, 1003030.2304769130423665 2137360.8869032864458859, 1009772.60634995508007705 2131819.23591224430128932, 1009287.87590376508887857 2118378.51337975729256868, 1002170.63729978632181883 2115771.28196084499359131, 999223.19445077411364764 2105198.73315208870917559, 991659.89186781831085682 2100464.89126948686316609, 999824.42931348527781665 2094434.79622386232949793, 1003668.78610030235722661 2060914.73879566066898406, 991183.824448196683079 2060411.47355029941536486, 979077.95840338175185025 2050540.96511467965319753, 969499.13839751714840531 2050737.0287545807659626, 964995.10372894699685276 2058584.72314115171320736, 958682.98793875449337065 2059476.34799050097353756, 976247.17193961911834776 2025647.64290884439833462, 982152.77804105496034026 2033777.99965945305302739, 990776.56882099923677742 2028257.26729803346097469, 987718.71678095404058695 2022653.85214283224195242, 1002064.46561996289528906 1993793.46396358148194849, 995387.53702761488966644 1982874.33424454880878329, 1008879.56640760635491461 1961187.68034291360527277, 1043477.32001121900975704 1929460.82626586710102856, 1043760.64592043135780841 1922288.68254861258901656, 1057900.72306714043952525 1912584.91484052827581763, 1067079.28473670780658722 1894409.20290797529742122, 1076677.77512152912095189 1893478.42400853126309812, 1087259.73259309423156083 1882046.33547207550145686, 1084528.4103264540899545 1880709.05957930837757885, 1090913.59809919935651124 1872534.95628529391251504, 1087549.14909734716638923 1874502.38598118652589619, 1085840.83315434120595455 1870230.46015478647314012, 1091843.09318807441741228 1867234.10431518964469433, 1083085.74017075309529901 1857730.88012657919898629, 1088826.15557276830077171 1853955.91756157577037811, 1088577.1698177675716579 1848395.62598342867568135, 1094985.61184275476261973 1847126.65816159290261567, 1095782.34434262476861477 1838999.41711286548525095, 1104149.03401744156144559 1829577.02267026668414474, 1107164.96179786138236523 1807469.26625211676582694, 1123324.44918855139985681 1824593.95034072245471179, 1132893.11276994179934263 1821017.47819930780678988, 1134559.46446163882501423 1814574.63959140609949827, 1126347.6926480894908309 1802180.65404835832305253, 1126268.3055639648810029 1791980.46654942398890853, 1110202.23071130807511508 1792402.08166316454298794, 1102838.90752765676006675 1781987.09928116924129426, 1098580.49176626140251756 1785462.89018937619403005, 1095814.9942661365494132 1781911.94414455746300519, 1101494.21614838764071465 1763383.12255454272963107, 1095340.45346168451942503 1741929.40596633590757847, 1099954.11096827196888626 1718264.22608762979507446, 1097569.78725822968408465 1703179.08701849682256579, 1085630.79177330015227199 1708119.88365886709652841, 1079250.16717752977274358 1702558.03705201973207295, 1080750.98958593653514981 1693645.23840518435463309, 1069408.45912511995993555 1699968.12000039569102228, 1065437.40737347630783916 1689890.78270379593595862, 1058888.9687337838113308 1690921.17110726307146251, 1057696.17292733723297715 1675561.62858026754111052, 1062974.97863424802199006 1669924.05287665058858693, 1060686.42189234821125865 1662766.32354153785854578, 1066018.46584450826048851 1644385.88511560251936316, 1086347.49267689324915409 1622567.04745906754396856, 1089210.76372305280528963 1613499.90561231016181409, 1092456.17237478285096586 1614662.88816171907819808, 1104917.21271383902058005 1590633.66668677399866283, 1144231.75574698392301798 1566675.83947977563366294, 1151408.96662954753264785 1549983.12938399682752788, 1160997.42114060232415795 1544401.68642403720878065, 1162826.45849145553074777 1531078.12008898588828743, 1168045.86711642378941178 1525771.0265028434805572, 1174076.60735406586900353 1474468.09889057115651667, 1172976.08292588870972395 1466921.7316614892333746, 1164638.34096282441169024 1466798.79882495035417378, 1162377.51162930764257908 1453176.21397518855519593, 1172991.05862329434603453 1444295.3331963422242552, 1169605.15621412452310324 1437280.45553319877944887, 1178477.70356815960258245 1415058.69307763245888054, 1200912.536948436871171 1399459.53179345023818314, 1196927.37253022799268365 1385836.10787577368319035, 1206554.93987350165843964 1365351.89479151298291981, 1205714.18427186622284353 1349510.59680513385683298, 1216404.12390488409437239 1351204.09256519633345306, 1212938.33809935813769698 1336915.51454393658787012, 1219106.53606566856615245 1334349.92033815826289356, 1218961.67490055365487933 1320958.29334916896186769, 1227519.25294840754941106 1315696.57652584440074861, 1217131.43352335784584284 1293580.15138690895400941, 1206455.85922421794384718 1292046.7608711973298341, 1207382.28701683925464749 1282949.89233556296676397, 1198712.72510466678068042 1274748.00720216566696763, 1199830.9578178646042943 1266758.2232981682755053, 1190141.86502059316262603 1258444.64193547260947526, 1181203.56231435248628259 1235200.99112596129998565, 1165501.48277655756101012 1217796.97195507772266865, 1159268.53897401783615351 1219356.98533171974122524, 1158163.66448805527761579 1206655.46073861583136022,
1148493.0487836804240942 1203020.88446393236517906,
1133400.5165031673386693 1186986.58419523271732032,
1136713.40416265465319157 1163142.99734857049770653,
1111157.32589328591711819 1104306.31604150170460343,
1087773.86562454933300614 1104010.81079496163874865,
1073077.20044145826250315 1061751.27026009140536189))', 32646), 4326)
);
SELECT setval('data.profiles_id_seq', 1, true);

INSERT INTO data.users_profiles(id, fk_user, fk_profile) VALUES
  (1, 1, 1)
;
SELECT setval('data.users_profiles_id_seq', 1, true);


INSERT INTO data.languages(id, english_name, local_name, locale) VALUES
    (2, 'Codes', 'Codes', 'code')
;
SELECT setval('data.languages_id_seq', 2, true);

INSERT INTO data.stakeholder_roles(id, name, description) VALUES
  (6, 'Primary Investor', NULL),
  (7, 'Secondary Investor', NULL)
;
SELECT setval('data.stakeholder_roles_id_seq', 7, true);

INSERT INTO data.institution_types(id, name, description) VALUES
    (1, 'CSO', NULL),
    (2, 'Government', NULL)
;
SELECT setval('data.institution_types_id_seq', 2, true);


/**
  Copy and rename PostGIS functions to match with older version of SQLAlchemy.
 */

-- st_geomfromtext(text, integer) -> geomfromtext(text, integer)
CREATE OR REPLACE FUNCTION geomfromtext(
    text,
    integer)
  RETURNS geometry AS
'$libdir/postgis-2.1', 'LWGEOM_from_text'
  LANGUAGE c IMMUTABLE STRICT
  COST 1;
ALTER FUNCTION geomfromtext(text, integer)
  OWNER TO postgres;
COMMENT ON FUNCTION geomfromtext(text, integer) IS 'args: WKT, srid - Return a specified ST_Geometry value from Well-Known Text representation (WKT).';

-- st_geomfromwkb(bytea, integer) -> geomfromwkb(bytea, integer)
CREATE OR REPLACE FUNCTION geomfromwkb(
    bytea,
    integer)
  RETURNS geometry AS
'SELECT ST_SetSRID(ST_GeomFromWKB($1), $2)'
  LANGUAGE sql IMMUTABLE STRICT
  COST 100;
ALTER FUNCTION geomfromwkb(bytea, integer)
  OWNER TO postgres;
COMMENT ON FUNCTION geomfromwkb(bytea, integer) IS 'args: geom, srid - Makes a geometry from WKB with the given SRID';
